Transaction_ID,Date,Product_Type,Quality_Grade,DRC_Percent,Volume_Tons,Unit_Price_THB_per_kg,Total_Value_THB,EUDR_Compliant,Customer_Segment,Sales_Channel,Facility_Location
RL-2025-0001,2025-11-24,STR 20,Standard,59.6,19,69.93,1328670,Yes,โรงงานผลิตยางรถยนต์,Auction Market,โรงงานแปรรูป นครศรีธรรมราช
RL-2025-0002,2025-01-17,STR 20,Standard,60.3,15,65.75,986250,Yes,โรงงานแปรรูปขั้นต้น,B2B Direct,โรงงานแปรรูป นครศรีธรรมราช
RL-2025-0003,2025-10-29,STR 20,Premium,60.9,20,70.95,1419000,Yes,บริษัท Trading,Forward Contract,โรงงานแปรรูป สงขลา
RL-2025-0004,2025-04-21,ยางขี้ยาง/ขี้เค้ก,Off-Grade,40.9,6,32.69,196140,Yes,บริษัท Trading,Auction Market,โรงงานแปรรูป ระยอง
RL-2025-0005,2025-01-23,น้ำยางข้น,Premium,61.9,42,51.75,2173500,Yes,บริษัท Trading,Auction Market,โรงงานแปรรูป ระยอง
RL-2025-0006,2025-10-23,STR 20,Premium,60.7,39,64.56,2517840,Yes,โรงงานผลิตยางรถยนต์,B2B Direct,โรงงานแปรรูป สุราษฎร์ธานี
RL-2025-0007,2025-07-14,STR 20,Standard,59.9,26,69.09,1796340,Yes,บริษัท Trading,Auction Market,โรงงานแปรรูป สุราษฎร์ธานี
RL-2025-0008,2025-11-08,RSS,Standard,60.0,24,74.27,1782480,Yes,โรงงานผลิตถุงมือยาง,Auction Market,โรงงานแปรรูป ระยอง
RL-2025-0009,2025-01-29,STR 20,Standard,59.8,23,64.26,1477980,Yes,บริษัท Trading,B2B Direct,โรงงานแปรรูป นครศรีธรรมราช
RL-2025-0010,2025-07-22,ยางคอมพาวนด์,Standard,60.4,9,89.64,806760,Yes,บริษัท Trading,Auction Market,โรงงานแปรรูป นครศรีธรรมราช
RL-2025-0011,2025-10-26,STR 20,Premium,61.5,31,65.75,2038250,Yes,โรงงานผลิตยางรถยนต์,B2B Direct,โรงงานแปรรูป สงขลา
RL-2025-0012,2025-11-18,STR 20,Premium,60.5,27,69.44,1874880,Yes,โรงงานแปรรูปขั้นต้น,Auction Market,โรงงานแปรรูป ระยอง
RL-2025-0013,2025-10-11,ยางคอมพาวนด์,Premium,62.2,13,80.17,1042210,Yes,บริษัท Trading,B2B Direct,โรงงานแปรรูป ระยอง
RL-2025-0014,2025-08-11,STR 20,Premium,60.8,38,64.03,2433140,Yes,โรงงานผลิตถุงมือยาง,Auction Market,โรงงานแปรรูป สุราษฎร์ธานี
RL-2025-0015,2025-11-17,STR 20,Premium,60.5,19,69.11,1313090,Yes,โรงงานผลิตถุงมือยาง,Auction Market,โรงงานแปรรูป สุราษฎร์ธานี
RL-2025-0016,2025-11-03,STR 20,Premium,61.3,40,64.16,2566400,Yes,โรงงานผลิตยางรถยนต์,B2B Direct,โรงงานแปรรูป สุราษฎร์ธานี
RL-2025-0017,2025-02-13,น้ำยางข้น,Premium,61.9,47,53.71,2524370,Yes,โรงงานผลิตถุงมือยาง,Auction Market,โรงงานแปรรูป นครศรีธรรมราช
RL-2025-0018,2025-10-09,STR 20,Standard,60.5,21,68.22,1432620,No,โรงงานผลิตถุงมือยาง,Auction Market,โรงงานแปรรูป ระยอง
RL-2025-0019,2025-07-24,ยางขี้ยาง/ขี้เค้ก,Off-Grade,44.4,13,35.2,457600,Yes,โรงงานผลิตถุงมือยาง,B2B Direct,โรงงานแปรรูป สุราษฎร์ธานี
RL-2025-0020,2025-06-23,STR 20,Premium,60.5,15,68.43,1026450,Yes,โรงงานผลิตยางรถยนต์,B2B Direct,โรงงานแปรรูป สุราษฎร์ธานี
RL-2025-0021,2025-01-17,ยางคอมพาวนด์,Premium,60.7,20,81.06,1621200,Yes,โรงงานผลิตถุงมือยาง,Auction Market,โรงงานแปรรูป นครศรีธรรมราช
RL-2025-0022,2025-05-05,น้ำยางข้น,Standard,58.8,33,53.65,1770450,Yes,บริษัท Trading,Forward Contract,โรงงานแปรรูป นครศรีธรรมราช
RL-2025-0023,2025-08-28,ยางคอมพาวนด์,Premium,62.0,8,80.81,646480,Yes,บริษัท Trading,B2B Direct,โรงงานแปรรูป สงขลา
RL-2025-0024,2025-04-09,STR 20,Standard,60.1,23,67.59,1554570,Yes,โรงงานผลิตยางรถยนต์,Forward Contract,โรงงานแปรรูป สุราษฎร์ธานี
RL-2025-0025,2025-01-26,น้ำยางข้น,Standard,58.1,32,51.78,1656960,No,โรงงานผลิตถุงมือยาง,B2B Direct,โรงงานแปรรูป นครศรีธรรมราช
RL-2025-0026,2025-09-06,RSS,Premium,61.3,15,76.92,1153800,Yes,โรงงานแปรรูปขั้นต้น,Forward Contract,โรงงานแปรรูป นครศรีธรรมราช
RL-2025-0027,2025-05-27,RSS,Premium,61.5,27,77.66,2096820,Yes,โรงงานแปรรูปขั้นต้น,B2B Direct,โรงงานแปรรูป สงขลา
RL-2025-0028,2025-06-01,STR 20,Premium,60.8,16,64.47,1031520,Yes,โรงงานผลิตยางรถยนต์,B2B Direct,โรงงานแปรรูป นครศรีธรรมราช
RL-2025-0029,2025-09-15,ยางคอมพาวนด์,Standard,60.2,7,87.97,615790,No,โรงงานผลิตยางรถยนต์,Auction Market,โรงงานแปรรูป สุราษฎร์ธานี
RL-2025-0030,2025-12-12,ยางคอมพาวนด์,Premium,62.8,12,86.06,1032720,Yes,โรงงานผลิตยางรถยนต์,Auction Market,โรงงานแปรรูป สุราษฎร์ธานี
RL-2025-0031,2025-08-03,น้ำยางข้น,Standard,59.3,38,51.96,1974480,Yes,บริษัท Trading,B2B Direct,โรงงานแปรรูป ระยอง
RL-2025-0032,2025-07-22,STR 20,Standard,60.1,39,69.16,2697240,No,โรงงานผลิตยางรถยนต์,Forward Contract,โรงงานแปรรูป สุราษฎร์ธานี
RL-2025-0033,2025-02-07,RSS,Standard,59.8,21,74.05,1555050,No,โรงงานผลิตถุงมือยาง,Forward Contract,โรงงานแปรรูป ระยอง
RL-2025-0034,2025-03-22,RSS,Standard,60.1,30,74.35,2230500,Yes,บริษัท Trading,Auction Market,โรงงานแปรรูป สุราษฎร์ธานี
RL-2025-0035,2025-03-10,STR 20,Premium,60.9,19,71.12,1351280,Yes,โรงงานผลิตถุงมือยาง,Auction Market,โรงงานแปรรูป ระยอง
RL-2025-0036,2025-04-15,น้ำยางข้น,Standard,60.0,38,53.97,2050860,No,โรงงานผลิตยางรถยนต์,B2B Direct,โรงงานแปรรูป นครศรีธรรมราช
RL-2025-0037,2025-05-22,STR 20,Standard,59.3,23,66.67,1533410,Yes,โรงงานแปรรูปขั้นต้น,Auction Market,โรงงานแปรรูป นครศรีธรรมราช
RL-2025-0038,2025-10-15,STR 20,Premium,61.2,19,64.6,1227400,Yes,บริษัท Trading,Auction Market,โรงงานแปรรูป สงขลา
RL-2025-0039,2025-08-09,STR 20,Standard,61.2,40,66.47,2658800,No,โรงงานผลิตยางรถยนต์,Forward Contract,โรงงานแปรรูป สงขลา
RL-2025-0040,2025-12-16,STR 20,Standard,61.0,28,64.82,1814959,No,โรงงานผลิตถุงมือยาง,B2B Direct,โรงงานแปรรูป สงขลา
RL-2025-0041,2025-04-01,ยางคอมพาวนด์,Premium,62.2,15,80.37,1205550,Yes,โรงงานแปรรูปขั้นต้น,Auction Market,โรงงานแปรรูป สงขลา
RL-2025-0042,2025-05-17,STR 20,Standard,60.0,16,69.61,1113760,No,โรงงานผลิตถุงมือยาง,B2B Direct,โรงงานแปรรูป นครศรีธรรมราช
RL-2025-0043,2025-06-29,STR 20,Standard,59.6,15,70.36,1055400,Yes,โรงงานแปรรูปขั้นต้น,Forward Contract,โรงงานแปรรูป ระยอง
RL-2025-0044,2025-02-05,ยางขี้ยาง/ขี้เค้ก,Off-Grade,46.4,11,32.23,354529,Yes,บริษัท Trading,B2B Direct,โรงงานแปรรูป สุราษฎร์ธานี
RL-2025-0045,2025-05-14,STR 20,Standard,59.7,18,71.7,1290600,Yes,บริษัท Trading,Auction Market,โรงงานแปรรูป ระยอง
RL-2025-0046,2025-08-12,RSS,Standard,60.3,28,74.09,2074520,Yes,โรงงานผลิตยางรถยนต์,Auction Market,โรงงานแปรรูป นครศรีธรรมราช
RL-2025-0047,2025-01-01,RSS,Premium,60.9,16,76.45,1223200,Yes,โรงงานผลิตยางรถยนต์,Auction Market,โรงงานแปรรูป ระยอง
RL-2025-0048,2025-11-16,STR 20,Premium,60.8,24,70.78,1698720,Yes,โรงงานแปรรูปขั้นต้น,Forward Contract,โรงงานแปรรูป นครศรีธรรมราช
RL-2025-0049,2025-12-23,STR 20,Standard,60.1,27,65.02,1755540,Yes,โรงงานผลิตถุงมือยาง,Auction Market,โรงงานแปรรูป ระยอง
RL-2025-0050,2025-07-27,RSS,Standard,60.1,23,70.0,1610000,Yes,บริษัท Trading,Forward Contract,โรงงานแปรรูป นครศรีธรรมราช
RL-2025-0051,2025-08-15,น้ำยางข้น,Premium,61.2,60,51.58,3094800,Yes,โรงงานผลิตถุงมือยาง,Auction Market,โรงงานแปรรูป สุราษฎร์ธานี
RL-2025-0052,2025-05-26,RSS,Standard,60.2,17,75.06,1276020,Yes,โรงงานผลิตถุงมือยาง,B2B Direct,โรงงานแปรรูป สงขลา
RL-2025-0053,2025-01-13,STR 20,Premium,60.5,39,71.87,2802930,Yes,โรงงานแปรรูปขั้นต้น,Auction Market,โรงงานแปรรูป สงขลา
RL-2025-0054,2025-12-23,STR 20,Standard,59.4,37,67.2,2486400,Yes,โรงงานผลิตยางรถยนต์,Forward Contract,โรงงานแปรรูป สงขลา
RL-2025-0055,2025-04-01,น้ำยางข้น,Standard,59.9,47,52.87,2484890,Yes,โรงงานผลิตยางรถยนต์,Forward Contract,โรงงานแปรรูป สงขลา
RL-2025-0056,2025-08-26,น้ำยางข้น,Standard,60.4,60,54.92,3295200,Yes,โรงงานแปรรูปขั้นต้น,Auction Market,โรงงานแปรรูป นครศรีธรรมราช
RL-2025-0057,2025-10-08,RSS,Premium,61.2,24,71.27,1710480,Yes,โรงงานผลิตถุงมือยาง,Auction Market,โรงงานแปรรูป ระยอง
RL-2025-0058,2025-09-24,RSS,Standard,60.4,19,71.91,1366290,Yes,บริษัท Trading,Forward Contract,โรงงานแปรรูป สุราษฎร์ธานี
RL-2025-0059,2025-03-12,STR 20,Standard,59.4,21,67.06,1408260,Yes,โรงงานแปรรูปขั้นต้น,Forward Contract,โรงงานแปรรูป นครศรีธรรมราช
RL-2025-0060,2025-08-01,STR 20,Standard,60.0,39,70.66,2755740,Yes,โรงงานผลิตยางรถยนต์,Auction Market,โรงงานแปรรูป นครศรีธรรมราช
RL-2025-0061,2025-09-02,STR 20,Premium,60.9,28,66.81,1870680,Yes,โรงงานผลิตถุงมือยาง,Forward Contract,โรงงานแปรรูป สงขลา
RL-2025-0062,2025-05-20,RSS,Standard,60.2,22,70.23,1545060,Yes,โรงงานแปรรูปขั้นต้น,B2B Direct,โรงงานแปรรูป สุราษฎร์ธานี
RL-2025-0063,2025-07-21,RSS,Standard,59.7,23,75.3,1731900,Yes,โรงงานแปรรูปขั้นต้น,B2B Direct,โรงงานแปรรูป สุราษฎร์ธานี
RL-2025-0064,2025-05-14,STR 20,Standard,59.8,39,65.69,2561910,No,บริษัท Trading,Forward Contract,โรงงานแปรรูป ระยอง
RL-2025-0065,2025-02-11,RSS,Standard,59.6,21,75.99,1595790,Yes,โรงงานผลิตยางรถยนต์,Auction Market,โรงงานแปรรูป สุราษฎร์ธานี
RL-2025-0066,2025-01-16,ยางคอมพาวนด์,Standard,60.1,9,82.99,746910,Yes,โรงงานแปรรูปขั้นต้น,Auction Market,โรงงานแปรรูป สุราษฎร์ธานี
RL-2025-0067,2025-10-16,ยางคอมพาวนด์,Premium,60.8,16,86.98,1391680,Yes,โรงงานผลิตยางรถยนต์,B2B Direct,โรงงานแปรรูป ระยอง
RL-2025-0068,2025-02-25,RSS,Premium,60.7,22,77.43,1703460,Yes,โรงงานผลิตถุงมือยาง,B2B Direct,โรงงานแปรรูป สงขลา
RL-2025-0069,2025-02-22,น้ำยางข้น,Premium,60.7,55,50.11,2756050,Yes,โรงงานผลิตยางรถยนต์,Forward Contract,โรงงานแปรรูป นครศรีธรรมราช
RL-2025-0070,2025-12-05,STR 20,Standard,59.9,28,68.05,1905400,Yes,โรงงานผลิตยางรถยนต์,Forward Contract,โรงงานแปรรูป ระยอง
RL-2025-0071,2025-11-22,ยางคอมพาวนด์,Premium,60.5,10,86.9,869000,Yes,บริษัท Trading,Auction Market,โรงงานแปรรูป นครศรีธรรมราช
RL-2025-0072,2025-08-27,RSS,Standard,60.0,17,75.85,1289450,Yes,โรงงานผลิตยางรถยนต์,Forward Contract,โรงงานแปรรูป นครศรีธรรมราช
RL-2025-0073,2025-05-05,น้ำยางข้น,Premium,60.7,40,51.99,2079600,Yes,บริษัท Trading,B2B Direct,โรงงานแปรรูป นครศรีธรรมราช
RL-2025-0074,2025-04-19,STR 20,Standard,59.7,34,66.07,2246380,Yes,บริษัท Trading,Auction Market,โรงงานแปรรูป สุราษฎร์ธานี
RL-2025-0075,2025-09-22,ยางคอมพาวนด์,Premium,62.2,20,81.28,1625600,Yes,โรงงานผลิตถุงมือยาง,Auction Market,โรงงานแปรรูป นครศรีธรรมราช
RL-2025-0076,2025-11-27,น้ำยางข้น,Standard,58.1,39,51.14,1994460,Yes,โรงงานผลิตถุงมือยาง,Forward Contract,โรงงานแปรรูป ระยอง
RL-2025-0077,2025-08-31,RSS,Premium,61.5,27,72.75,1964250,Yes,โรงงานแปรรูปขั้นต้น,Forward Contract,โรงงานแปรรูป ระยอง
RL-2025-0078,2025-05-09,STR 20,Standard,59.8,38,69.77,2651260,Yes,โรงงานผลิตถุงมือยาง,B2B Direct,โรงงานแปรรูป สงขลา
RL-2025-0079,2025-09-05,STR 20,Premium,60.9,34,68.72,2336480,Yes,โรงงานผลิตยางรถยนต์,B2B Direct,โรงงานแปรรูป ระยอง
RL-2025-0080,2025-04-27,STR 20,Premium,60.8,19,66.42,1261980,Yes,โรงงานผลิตยางรถยนต์,Auction Market,โรงงานแปรรูป ระยอง
RL-2025-0081,2025-12-24,ยางคอมพาวนด์,Standard,62.3,8,89.57,716560,No,บริษัท Trading,Forward Contract,โรงงานแปรรูป นครศรีธรรมราช
RL-2025-0082,2025-08-14,STR 20,Standard,59.6,30,71.72,2151600,Yes,โรงงานผลิตยางรถยนต์,Forward Contract,โรงงานแปรรูป นครศรีธรรมราช
RL-2025-0083,2025-02-07,RSS,Standard,59.8,28,75.49,2113720,No,โรงงานผลิตยางรถยนต์,B2B Direct,โรงงานแปรรูป สุราษฎร์ธานี
RL-2025-0084,2025-10-13,น้ำยางข้น,Premium,61.2,37,52.24,1932880,Yes,โรงงานแปรรูปขั้นต้น,Forward Contract,โรงงานแปรรูป นครศรีธรรมราช
RL-2025-0085,2025-06-02,ยางคอมพาวนด์,Premium,60.9,6,94.85,569100,Yes,โรงงานผลิตยางรถยนต์,B2B Direct,โรงงานแปรรูป สงขลา
RL-2025-0086,2025-05-16,น้ำยางข้น,Standard,58.7,32,49.1,1571200,Yes,โรงงานแปรรูปขั้นต้น,Forward Contract,โรงงานแปรรูป นครศรีธรรมราช
RL-2025-0087,2025-05-30,STR 20,Standard,59.7,29,66.3,1922700,Yes,โรงงานผลิตถุงมือยาง,Forward Contract,โรงงานแปรรูป สงขลา
RL-2025-0088,2025-08-06,STR 20,Standard,59.4,23,65.8,1513400,Yes,โรงงานผลิตยางรถยนต์,B2B Direct,โรงงานแปรรูป สงขลา
RL-2025-0089,2025-06-07,RSS,Premium,61.3,24,76.59,1838160,Yes,บริษัท Trading,Auction Market,โรงงานแปรรูป นครศรีธรรมราช
RL-2025-0090,2025-05-20,RSS,Standard,59.7,11,73.95,813450,No,บริษัท Trading,Auction Market,โรงงานแปรรูป ระยอง
RL-2025-0091,2025-01-14,STR 20,Premium,61.1,33,71.7,2366100,Yes,โรงงานผลิตยางรถยนต์,Auction Market,โรงงานแปรรูป ระยอง
RL-2025-0092,2025-10-23,STR 20,Standard,60.2,35,70.05,2451750,Yes,บริษัท Trading,B2B Direct,โรงงานแปรรูป นครศรีธรรมราช
RL-2025-0093,2025-11-22,น้ำยางข้น,Standard,59.9,43,54.78,2355540,Yes,โรงงานผลิตยางรถยนต์,B2B Direct,โรงงานแปรรูป ระยอง
RL-2025-0094,2025-07-30,น้ำยางข้น,Premium,61.8,56,50.02,2801120,Yes,โรงงานผลิตยางรถยนต์,Forward Contract,โรงงานแปรรูป สุราษฎร์ธานี
RL-2025-0095,2025-06-11,STR 20,Premium,60.9,31,64.93,2012830,Yes,โรงงานผลิตยางรถยนต์,Auction Market,โรงงานแปรรูป นครศรีธรรมราช
RL-2025-0096,2025-07-31,STR 20,Premium,60.6,30,68.15,2044500,Yes,โรงงานผลิตยางรถยนต์,B2B Direct,โรงงานแปรรูป ระยอง
RL-2025-0097,2025-10-09,STR 20,Premium,61.2,30,66.3,1989000,Yes,โรงงานผลิตถุงมือยาง,Auction Market,โรงงานแปรรูป สงขลา
RL-2025-0098,2025-06-09,RSS,Standard,59.7,13,74.42,967460,Yes,โรงงานผลิตยางรถยนต์,Auction Market,โรงงานแปรรูป สงขลา
RL-2025-0099,2025-09-13,ยางคอมพาวนด์,Premium,62.1,18,84.38,1518840,Yes,โรงงานแปรรูปขั้นต้น,B2B Direct,โรงงานแปรรูป นครศรีธรรมราช
RL-2025-0100,2025-10-10,STR 20,Standard,60.5,38,65.52,2489760,No,โรงงานผลิตยางรถยนต์,Forward Contract,โรงงานแปรรูป นครศรีธรรมราช
RL-2025-0101,2025-06-24,ยางคอมพาวนด์,Premium,62.5,14,87.62,1226680,Yes,โรงงานแปรรูปขั้นต้น,B2B Direct,โรงงานแปรรูป นครศรีธรรมราช
RL-2025-0102,2025-10-03,RSS,Premium,61.0,22,72.66,1598520,Yes,บริษัท Trading,B2B Direct,โรงงานแปรรูป สงขลา
RL-2025-0103,2025-10-20,STR 20,Standard,60.0,25,70.85,1771249,Yes,โรงงานแปรรูปขั้นต้น,Forward Contract,โรงงานแปรรูป สงขลา
RL-2025-0104,2025-09-11,ยางขี้ยาง/ขี้เค้ก,Off-Grade,49.7,10,31.01,310100,No,โรงงานแปรรูปขั้นต้น,B2B Direct,โรงงานแปรรูป นครศรีธรรมราช
RL-2025-0105,2025-01-08,น้ำยางข้น,Premium,60.6,34,50.87,1729580,Yes,บริษัท Trading,Forward Contract,โรงงานแปรรูป นครศรีธรรมราช
RL-2025-0106,2025-11-29,STR 20,Premium,60.7,32,66.63,2132160,Yes,บริษัท Trading,Auction Market,โรงงานแปรรูป นครศรีธรรมราช
RL-2025-0107,2025-10-05,STR 20,Standard,60.6,24,64.55,1549200,No,โรงงานผลิตยางรถยนต์,Forward Contract,โรงงานแปรรูป สุราษฎร์ธานี
RL-2025-0108,2025-11-21,น้ำยางข้น,Standard,58.7,39,48.7,1899300,No,โรงงานผลิตยางรถยนต์,Forward Contract,โรงงานแปรรูป สุราษฎร์ธานี
RL-2025-0109,2025-05-31,STR 20,Standard,59.6,28,67.45,1888600,Yes,โรงงานผลิตถุงมือยาง,B2B Direct,โรงงานแปรรูป สงขลา
RL-2025-0110,2025-02-10,RSS,Standard,60.9,25,73.06,1826500,No,โรงงานผลิตถุงมือยาง,B2B Direct,โรงงานแปรรูป นครศรีธรรมราช
RL-2025-0111,2025-11-23,STR 20,Standard,59.0,40,66.04,2641600,Yes,บริษัท Trading,Auction Market,โรงงานแปรรูป สงขลา
RL-2025-0112,2025-02-07,RSS,Standard,60.7,30,72.76,2182800,No,บริษัท Trading,Forward Contract,โรงงานแปรรูป ระยอง
RL-2025-0113,2025-04-12,ยางขี้ยาง/ขี้เค้ก,Off-Grade,41.1,11,36.83,405130,Yes,บริษัท Trading,Auction Market,โรงงานแปรรูป ระยอง
RL-2025-0114,2025-01-12,ยางขี้ยาง/ขี้เค้ก,Off-Grade,42.7,14,35.27,493780,No,โรงงานผลิตยางรถยนต์,Auction Market,โรงงานแปรรูป นครศรีธรรมราช
RL-2025-0115,2025-05-27,น้ำยางข้น,Premium,61.2,37,49.61,1835570,Yes,บริษัท Trading,Auction Market,โรงงานแปรรูป สงขลา
RL-2025-0116,2025-11-18,STR 20,Standard,59.1,40,69.02,2760800,Yes,บริษัท Trading,Auction Market,โรงงานแปรรูป สงขลา
RL-2025-0117,2025-02-16,ยางคอมพาวนด์,Premium,61.2,11,84.9,933900,Yes,บริษัท Trading,Auction Market,โรงงานแปรรูป ระยอง
RL-2025-0118,2025-03-26,STR 20,Standard,60.2,40,70.6,2824000,Yes,บริษัท Trading,B2B Direct,โรงงานแปรรูป นครศรีธรรมราช
RL-2025-0119,2025-02-08,STR 20,Premium,61.2,38,71.73,2725740,Yes,โรงงานแปรรูปขั้นต้น,Auction Market,โรงงานแปรรูป ระยอง
RL-2025-0120,2025-02-16,น้ำยางข้น,Standard,60.1,44,48.1,2116400,Yes,บริษัท Trading,Auction Market,โรงงานแปรรูป นครศรีธรรมราช
RL-2025-0121,2025-11-23,ยางคอมพาวนด์,Premium,60.7,5,81.63,408150,Yes,บริษัท Trading,Auction Market,โรงงานแปรรูป สงขลา
RL-2025-0122,2025-11-28,STR 20,Premium,61.3,24,70.59,1694160,Yes,โรงงานผลิตยางรถยนต์,B2B Direct,โรงงานแปรรูป สุราษฎร์ธานี
RL-2025-0123,2025-01-20,STR 20,Standard,59.2,32,67.94,2174080,Yes,โรงงานแปรรูปขั้นต้น,Forward Contract,โรงงานแปรรูป นครศรีธรรมราช
RL-2025-0124,2025-10-28,น้ำยางข้น,Standard,59.7,33,49.08,1619640,Yes,โรงงานแปรรูปขั้นต้น,Forward Contract,โรงงานแปรรูป สุราษฎร์ธานี
RL-2025-0125,2025-12-20,STR 20,Premium,61.4,26,67.55,1756300,Yes,บริษัท Trading,Auction Market,โรงงานแปรรูป ระยอง
RL-2025-0126,2025-02-01,STR 20,Standard,59.3,29,65.52,1900080,Yes,โรงงานผลิตถุงมือยาง,Auction Market,โรงงานแปรรูป สุราษฎร์ธานี
RL-2025-0127,2025-01-26,น้ำยางข้น,Standard,58.5,48,49.7,2385600,Yes,โรงงานผลิตถุงมือยาง,Auction Market,โรงงานแปรรูป สงขลา
RL-2025-0128,2025-04-30,STR 20,Premium,61.3,15,65.18,977700,Yes,โรงงานผลิตถุงมือยาง,B2B Direct,โรงงานแปรรูป ระยอง
RL-2025-0129,2025-03-31,STR 20,Standard,59.3,26,70.93,1844180,Yes,โรงงานผลิตถุงมือยาง,Auction Market,โรงงานแปรรูป ระยอง
RL-2025-0130,2025-01-09,STR 20,Premium,60.9,31,64.42,1997020,Yes,โรงงานผลิตยางรถยนต์,Forward Contract,โรงงานแปรรูป นครศรีธรรมราช
RL-2025-0131,2025-07-05,RSS,Premium,60.5,29,70.87,2055230,Yes,บริษัท Trading,Forward Contract,โรงงานแปรรูป สุราษฎร์ธานี
RL-2025-0132,2025-02-01,ยางขี้ยาง/ขี้เค้ก,Off-Grade,44.3,6,36.78,220680,Yes,โรงงานแปรรูปขั้นต้น,B2B Direct,โรงงานแปรรูป สุราษฎร์ธานี
RL-2025-0133,2025-06-14,RSS,Standard,60.1,30,70.53,2115900,Yes,บริษัท Trading,Forward Contract,โรงงานแปรรูป ระยอง
RL-2025-0134,2025-08-21,RSS,Standard,61.1,13,73.44,954720,No,โรงงานผลิตถุงมือยาง,Forward Contract,โรงงานแปรรูป นครศรีธรรมราช
RL-2025-0135,2025-04-27,RSS,Standard,60.3,13,76.62,996060,Yes,บริษัท Trading,Auction Market,โรงงานแปรรูป ระยอง
RL-2025-0136,2025-07-11,ยางขี้ยาง/ขี้เค้ก,Off-Grade,44.7,6,35.49,212940,Yes,โรงงานผลิตยางรถยนต์,Forward Contract,โรงงานแปรรูป สุราษฎร์ธานี
RL-2025-0137,2025-07-10,น้ำยางข้น,Standard,60.3,47,51.89,2438830,Yes,โรงงานผลิตยางรถยนต์,Forward Contract,โรงงานแปรรูป ระยอง
RL-2025-0138,2025-12-07,ยางคอมพาวนด์,Standard,62.7,6,86.34,518040,No,บริษัท Trading,Forward Contract,โรงงานแปรรูป สุราษฎร์ธานี
RL-2025-0139,2025-10-23,RSS,Premium,60.5,13,71.24,926119,Yes,บริษัท Trading,B2B Direct,โรงงานแปรรูป ระยอง
RL-2025-0140,2025-10-21,STR 20,Standard,60.4,39,67.43,2629770,Yes,โรงงานผลิตยางรถยนต์,Auction Market,โรงงานแปรรูป ระยอง
RL-2025-0141,2025-01-15,STR 20,Standard,59.8,25,69.62,1740500,Yes,โรงงานผลิตถุงมือยาง,B2B Direct,โรงงานแปรรูป นครศรีธรรมราช
RL-2025-0142,2025-02-05,STR 20,Standard,59.1,38,69.07,2624659,Yes,โรงงานแปรรูปขั้นต้น,Forward Contract,โรงงานแปรรูป นครศรีธรรมราช
RL-2025-0143,2025-06-24,STR 20,Standard,59.8,33,66.49,2194170,Yes,โรงงานผลิตยางรถยนต์,B2B Direct,โรงงานแปรรูป สงขลา
RL-2025-0144,2025-11-13,STR 20,Standard,60.1,28,64.65,1810200,Yes,โรงงานแปรรูปขั้นต้น,Forward Contract,โรงงานแปรรูป ระยอง
RL-2025-0145,2025-04-21,น้ำยางข้น,Standard,59.7,39,48.8,1903200,Yes,โรงงานแปรรูปขั้นต้น,Auction Market,โรงงานแปรรูป ระยอง
RL-2025-0146,2025-01-24,STR 20,Standard,59.1,21,71.88,1509480,Yes,โรงงานผลิตถุงมือยาง,B2B Direct,โรงงานแปรรูป ระยอง
RL-2025-0147,2025-05-29,STR 20,Premium,60.9,20,64.06,1281200,Yes,โรงงานผลิตถุงมือยาง,Auction Market,โรงงานแปรรูป ระยอง
RL-2025-0148,2025-02-06,STR 20,Standard,60.1,29,69.94,2028260,No,บริษัท Trading,Auction Market,โรงงานแปรรูป นครศรีธรรมราช
RL-2025-0149,2025-10-21,RSS,Standard,60.1,22,75.12,1652640,Yes,บริษัท Trading,B2B Direct,โรงงานแปรรูป นครศรีธรรมราช
RL-2025-0150,2025-12-20,ยางคอมพาวนด์,Premium,62.5,12,81.32,975839,Yes,โรงงานแปรรูปขั้นต้น,Auction Market,โรงงานแปรรูป สุราษฎร์ธานี
RL-2025-0151,2025-07-22,ยางคอมพาวนด์,Premium,60.7,10,91.19,911900,Yes,โรงงานผลิตยางรถยนต์,Auction Market,โรงงานแปรรูป สงขลา
RL-2025-0152,2025-06-28,STR 20,Premium,60.6,19,71.67,1361730,Yes,โรงงานผลิตถุงมือยาง,Forward Contract,โรงงานแปรรูป สงขลา
RL-2025-0153,2025-03-30,RSS,Standard,60.8,15,76.08,1141200,No,โรงงานแปรรูปขั้นต้น,Forward Contract,โรงงานแปรรูป นครศรีธรรมราช
RL-2025-0154,2025-12-15,ยางคอมพาวนด์,Standard,61.9,15,88.47,1327050,No,บริษัท Trading,B2B Direct,โรงงานแปรรูป นครศรีธรรมราช
RL-2025-0155,2025-02-04,RSS,Premium,61.1,28,75.05,2101400,Yes,โรงงานผลิตยางรถยนต์,Forward Contract,โรงงานแปรรูป นครศรีธรรมราช
RL-2025-0156,2025-08-20,STR 20,Standard,59.7,35,66.95,2343250,No,โรงงานผลิตยางรถยนต์,Auction Market,โรงงานแปรรูป นครศรีธรรมราช
RL-2025-0157,2025-08-25,RSS,Premium,61.0,11,77.63,853930,Yes,โรงงานผลิตถุงมือยาง,Forward Contract,โรงงานแปรรูป นครศรีธรรมราช
RL-2025-0158,2025-09-14,STR 20,Standard,59.3,25,64.49,1612249,No,โรงงานผลิตยางรถยนต์,Auction Market,โรงงานแปรรูป สงขลา
RL-2025-0159,2025-01-21,STR 20,Standard,60.1,31,67.5,2092500,Yes,บริษัท Trading,Forward Contract,โรงงานแปรรูป ระยอง
RL-2025-0160,2025-07-18,RSS,Premium,60.7,30,72.71,2181300,Yes,โรงงานผลิตยางรถยนต์,Forward Contract,โรงงานแปรรูป สุราษฎร์ธานี
RL-2025-0161,2025-10-13,น้ำยางข้น,Standard,60.9,51,49.99,2549490,No,โรงงานผลิตถุงมือยาง,Forward Contract,โรงงานแปรรูป สุราษฎร์ธานี
RL-2025-0162,2025-10-26,น้ำยางข้น,Standard,59.2,50,54.42,2721000,Yes,โรงงานแปรรูปขั้นต้น,B2B Direct,โรงงานแปรรูป สุราษฎร์ธานี
RL-2025-0163,2025-06-08,RSS,Standard,60.2,14,75.15,1052100,Yes,โรงงานผลิตยางรถยนต์,Auction Market,โรงงานแปรรูป นครศรีธรรมราช
RL-2025-0164,2025-09-18,STR 20,Standard,59.5,21,66.9,1404900,Yes,โรงงานแปรรูปขั้นต้น,B2B Direct,โรงงานแปรรูป สงขลา
RL-2025-0165,2025-03-12,STR 20,Premium,61.0,31,66.37,2057470,Yes,โรงงานผลิตยางรถยนต์,Auction Market,โรงงานแปรรูป ระยอง
RL-2025-0166,2025-11-13,STR 20,Standard,59.4,37,67.01,2479370,Yes,โรงงานผลิตถุงมือยาง,Auction Market,โรงงานแปรรูป นครศรีธรรมราช
RL-2025-0167,2025-01-23,RSS,Standard,60.0,24,75.41,1809840,Yes,โรงงานแปรรูปขั้นต้น,B2B Direct,โรงงานแปรรูป สงขลา
RL-2025-0168,2025-06-08,ยางขี้ยาง/ขี้เค้ก,Off-Grade,49.0,8,36.27,290160,Yes,โรงงานแปรรูปขั้นต้น,Forward Contract,โรงงานแปรรูป ระยอง
RL-2025-0169,2025-07-15,RSS,Standard,59.8,16,73.35,1173600,Yes,โรงงานผลิตถุงมือยาง,Forward Contract,โรงงานแปรรูป สุราษฎร์ธานี
RL-2025-0170,2025-11-25,RSS,Standard,61.4,26,72.97,1897220,No,บริษัท Trading,B2B Direct,โรงงานแปรรูป สงขลา
RL-2025-0171,2025-05-20,RSS,Standard,61.2,12,74.11,889320,No,โรงงานผลิตถุงมือยาง,Forward Contract,โรงงานแปรรูป ระยอง
RL-2025-0172,2025-01-14,RSS,Standard,60.2,22,73.17,1609740,No,บริษัท Trading,B2B Direct,โรงงานแปรรูป สุราษฎร์ธานี
RL-2025-0173,2025-06-13,ยางคอมพาวนด์,Premium,61.9,9,92.59,833310,Yes,บริษัท Trading,Forward Contract,โรงงานแปรรูป สงขลา
RL-2025-0174,2025-12-28,RSS,Premium,61.3,10,74.92,749200,Yes,โรงงานผลิตถุงมือยาง,Auction Market,โรงงานแปรรูป นครศรีธรรมราช
RL-2025-0175,2025-02-26,น้ำยางข้น,Standard,58.5,37,49.66,1837419,Yes,โรงงานแปรรูปขั้นต้น,B2B Direct,โรงงานแปรรูป สุราษฎร์ธานี
RL-2025-0176,2025-09-13,RSS,Premium,60.5,17,70.13,1192210,Yes,บริษัท Trading,Forward Contract,โรงงานแปรรูป สุราษฎร์ธานี
RL-2025-0177,2025-11-11,STR 20,Standard,59.5,36,68.57,2468519,Yes,บริษัท Trading,B2B Direct,โรงงานแปรรูป สุราษฎร์ธานี
RL-2025-0178,2025-07-19,ยางคอมพาวนด์,Premium,61.2,16,80.65,1290400,Yes,โรงงานผลิตยางรถยนต์,Forward Contract,โรงงานแปรรูป สุราษฎร์ธานี
RL-2025-0179,2025-06-26,STR 20,Standard,59.3,33,69.26,2285580,Yes,บริษัท Trading,B2B Direct,โรงงานแปรรูป สุราษฎร์ธานี
RL-2025-0180,2025-06-30,RSS,Standard,59.9,24,76.51,1836240,No,โรงงานแปรรูปขั้นต้น,Auction Market,โรงงานแปรรูป สงขลา
RL-2025-0181,2025-03-11,STR 20,Standard,60.1,24,70.21,1685039,Yes,โรงงานผลิตถุงมือยาง,B2B Direct,โรงงานแปรรูป ระยอง
RL-2025-0182,2025-06-08,RSS,Premium,60.6,18,77.91,1402380,Yes,โรงงานผลิตถุงมือยาง,Forward Contract,โรงงานแปรรูป ระยอง
RL-2025-0183,2025-01-25,ยางคอมพาวนด์,Standard,60.4,16,84.98,1359680,Yes,โรงงานแปรรูปขั้นต้น,Auction Market,โรงงานแปรรูป นครศรีธรรมราช
RL-2025-0184,2025-07-17,STR 20,Standard,60.7,26,65.49,1702739,No,บริษัท Trading,B2B Direct,โรงงานแปรรูป นครศรีธรรมราช
RL-2025-0185,2025-02-10,RSS,Standard,59.9,19,77.96,1481239,Yes,โรงงานผลิตยางรถยนต์,Forward Contract,โรงงานแปรรูป ระยอง
RL-2025-0186,2025-06-06,RSS,Standard,59.8,24,75.74,1817759,Yes,โรงงานผลิตยางรถยนต์,Auction Market,โรงงานแปรรูป ระยอง
RL-2025-0187,2025-11-11,ยางขี้ยาง/ขี้เค้ก,Off-Grade,49.8,5,32.2,161000,Yes,โรงงานแปรรูปขั้นต้น,Forward Contract,โรงงานแปรรูป สงขลา
RL-2025-0188,2025-01-16,STR 20,Premium,61.0,16,68.86,1101760,Yes,โรงงานผลิตถุงมือยาง,Auction Market,โรงงานแปรรูป ระยอง
RL-2025-0189,2025-07-05,STR 20,Premium,60.5,36,68.54,2467440,Yes,บริษัท Trading,Forward Contract,โรงงานแปรรูป นครศรีธรรมราช
RL-2025-0190,2025-02-09,RSS,Standard,60.3,30,74.24,2227200,Yes,โรงงานผลิตยางรถยนต์,B2B Direct,โรงงานแปรรูป สงขลา
RL-2025-0191,2025-09-13,RSS,Standard,59.7,18,77.31,1391580,Yes,โรงงานผลิตถุงมือยาง,Auction Market,โรงงานแปรรูป ระยอง
RL-2025-0192,2025-12-22,ยางคอมพาวนด์,Standard,60.4,7,87.37,611590,Yes,โรงงานแปรรูปขั้นต้น,B2B Direct,โรงงานแปรรูป ระยอง
RL-2025-0193,2025-12-08,STR 20,Standard,60.4,24,64.52,1548480,No,โรงงานผลิตถุงมือยาง,Forward Contract,โรงงานแปรรูป สงขลา
RL-2025-0194,2025-03-04,ยางขี้ยาง/ขี้เค้ก,Off-Grade,42.4,12,36.34,436080,Yes,บริษัท Trading,Forward Contract,โรงงานแปรรูป สงขลา
RL-2025-0195,2025-11-10,ยางคอมพาวนด์,Premium,61.2,20,80.99,1619800,Yes,โรงงานแปรรูปขั้นต้น,Auction Market,โรงงานแปรรูป สุราษฎร์ธานี
RL-2025-0196,2025-03-06,ยางขี้ยาง/ขี้เค้ก,Off-Grade,44.5,15,35.14,527100,Yes,โรงงานผลิตถุงมือยาง,Auction Market,โรงงานแปรรูป สงขลา
RL-2025-0197,2025-03-08,RSS,Standard,59.6,13,77.29,1004770,Yes,บริษัท Trading,B2B Direct,โรงงานแปรรูป สงขลา
RL-2025-0198,2025-06-15,ยางคอมพาวนด์,Premium,62.8,14,83.38,1167320,Yes,บริษัท Trading,B2B Direct,โรงงานแปรรูป ระยอง
RL-2025-0199,2025-03-06,RSS,Standard,59.7,30,74.92,2247600,Yes,โรงงานผลิตถุงมือยาง,B2B Direct,โรงงานแปรรูป ระยอง
RL-2025-0200,2025-10-16,STR 20,Standard,59.2,35,70.91,2481850,Yes,บริษัท Trading,Auction Market,โรงงานแปรรูป สงขลา
RL-2025-0201,2025-10-20,RSS,Premium,60.5,30,75.11,2253300,Yes,บริษัท Trading,Forward Contract,โรงงานแปรรูป สงขลา
RL-2025-0202,2025-12-17,RSS,Premium,60.9,15,73.63,1104450,Yes,โรงงานแปรรูปขั้นต้น,Forward Contract,โรงงานแปรรูป สงขลา
RL-2025-0203,2025-06-24,RSS,Standard,60.9,21,72.5,1522500,No,โรงงานผลิตถุงมือยาง,Forward Contract,โรงงานแปรรูป สุราษฎร์ธานี
RL-2025-0204,2025-06-13,STR 20,Standard,60.1,19,64.98,1234620,Yes,บริษัท Trading,Forward Contract,โรงงานแปรรูป นครศรีธรรมราช
RL-2025-0205,2025-05-08,ยางขี้ยาง/ขี้เค้ก,Off-Grade,48.1,14,37.22,521080,Yes,โรงงานผลิตถุงมือยาง,B2B Direct,โรงงานแปรรูป นครศรีธรรมราช
RL-2025-0206,2025-09-21,RSS,Standard,60.5,12,77.03,924360,No,โรงงานแปรรูปขั้นต้น,B2B Direct,โรงงานแปรรูป สงขลา
RL-2025-0207,2025-10-26,STR 20,Standard,60.2,35,64.4,2254000,Yes,บริษัท Trading,Auction Market,โรงงานแปรรูป สุราษฎร์ธานี
RL-2025-0208,2025-02-25,RSS,Premium,61.0,22,77.06,1695320,Yes,โรงงานแปรรูปขั้นต้น,B2B Direct,โรงงานแปรรูป สงขลา
RL-2025-0209,2025-07-05,RSS,Premium,60.5,27,70.59,1905930,Yes,โรงงานผลิตยางรถยนต์,B2B Direct,โรงงานแปรรูป สุราษฎร์ธานี
RL-2025-0210,2025-07-21,STR 20,Standard,60.4,26,71.89,1869140,Yes,โรงงานผลิตถุงมือยาง,Auction Market,โรงงานแปรรูป นครศรีธรรมราช
RL-2025-0211,2025-09-14,STR 20,Premium,60.8,40,64.31,2572400,Yes,โรงงานแปรรูปขั้นต้น,B2B Direct,โรงงานแปรรูป สงขลา
RL-2025-0212,2025-06-17,ยางคอมพาวนด์,Premium,61.2,14,84.78,1186920,Yes,โรงงานแปรรูปขั้นต้น,Auction Market,โรงงานแปรรูป ระยอง
RL-2025-0213,2025-09-01,น้ำยางข้น,Premium,60.7,43,50.58,2174940,Yes,โรงงานผลิตยางรถยนต์,Auction Market,โรงงานแปรรูป นครศรีธรรมราช
RL-2025-0214,2025-05-16,ยางขี้ยาง/ขี้เค้ก,Off-Grade,47.8,14,36.26,507640,Yes,โรงงานผลิตยางรถยนต์,Auction Market,โรงงานแปรรูป นครศรีธรรมราช
RL-2025-0215,2025-03-29,RSS,Premium,61.0,22,75.77,1666940,Yes,โรงงานผลิตถุงมือยาง,B2B Direct,โรงงานแปรรูป สุราษฎร์ธานี
RL-2025-0216,2025-04-08,STR 20,Standard,59.4,37,66.51,2460870,Yes,โรงงานแปรรูปขั้นต้น,Auction Market,โรงงานแปรรูป สุราษฎร์ธานี
RL-2025-0217,2025-12-28,STR 20,Standard,59.8,36,65.66,2363760,Yes,โรงงานแปรรูปขั้นต้น,Forward Contract,โรงงานแปรรูป สงขลา
RL-2025-0218,2025-08-24,ยางคอมพาวนด์,Premium,61.1,13,85.13,1106690,Yes,โรงงานผลิตถุงมือยาง,B2B Direct,โรงงานแปรรูป ระยอง
RL-2025-0219,2025-10-13,STR 20,Premium,61.5,39,71.53,2789670,Yes,โรงงานผลิตถุงมือยาง,Auction Market,โรงงานแปรรูป นครศรีธรรมราช
RL-2025-0220,2025-06-12,RSS,Premium,61.4,18,74.48,1340640,Yes,โรงงานแปรรูปขั้นต้น,Forward Contract,โรงงานแปรรูป ระยอง
RL-2025-0221,2025-03-16,STR 20,Standard,60.8,26,66.3,1723800,No,บริษัท Trading,Auction Market,โรงงานแปรรูป นครศรีธรรมราช
RL-2025-0222,2025-04-20,STR 20,Premium,61.3,37,68.31,2527470,Yes,โรงงานผลิตยางรถยนต์,Auction Market,โรงงานแปรรูป สงขลา
RL-2025-0223,2025-05-05,STR 20,Standard,59.6,22,71.24,1567280,Yes,โรงงานแปรรูปขั้นต้น,Forward Contract,โรงงานแปรรูป นครศรีธรรมราช
RL-2025-0224,2025-02-21,น้ำยางข้น,Premium,61.9,59,48.96,2888640,Yes,โรงงานแปรรูปขั้นต้น,Forward Contract,โรงงานแปรรูป สงขลา
RL-2025-0225,2025-05-28,STR 20,Premium,61.3,17,69.17,1175890,Yes,โรงงานผลิตถุงมือยาง,Auction Market,โรงงานแปรรูป สุราษฎร์ธานี
RL-2025-0226,2025-03-31,RSS,Standard,61.4,11,76.7,843700,No,โรงงานแปรรูปขั้นต้น,Forward Contract,โรงงานแปรรูป สงขลา
RL-2025-0227,2025-05-29,ยางคอมพาวนด์,Standard,61.7,8,80.14,641120,No,บริษัท Trading,Forward Contract,โรงงานแปรรูป นครศรีธรรมราช
RL-2025-0228,2025-11-25,RSS,Premium,61.4,26,73.95,1922700,Yes,โรงงานผลิตถุงมือยาง,B2B Direct,โรงงานแปรรูป ระยอง
RL-2025-0229,2025-03-25,น้ำยางข้น,Premium,60.9,30,52.54,1576200,Yes,บริษัท Trading,Auction Market,โรงงานแปรรูป สงขลา
RL-2025-0230,2025-03-31,RSS,Standard,60.3,23,75.11,1727530,Yes,โรงงานผลิตยางรถยนต์,Forward Contract,โรงงานแปรรูป สุราษฎร์ธานี
RL-2025-0231,2025-04-05,ยางขี้ยาง/ขี้เค้ก,Off-Grade,49.4,5,33.82,169100,Yes,โรงงานผลิตถุงมือยาง,Forward Contract,โรงงานแปรรูป ระยอง
RL-2025-0232,2025-06-18,STR 20,Standard,59.0,35,69.78,2442300,Yes,โรงงานผลิตถุงมือยาง,B2B Direct,โรงงานแปรรูป สุราษฎร์ธานี
RL-2025-0233,2025-08-27,STR 20,Standard,60.3,37,67.24,2487880,Yes,โรงงานผลิตยางรถยนต์,Auction Market,โรงงานแปรรูป ระยอง
RL-2025-0234,2025-07-08,RSS,Standard,59.8,14,71.75,1004500,Yes,บริษัท Trading,Forward Contract,โรงงานแปรรูป นครศรีธรรมราช
RL-2025-0235,2025-10-03,น้ำยางข้น,Premium,61.0,51,53.78,2742780,Yes,โรงงานผลิตยางรถยนต์,Auction Market,โรงงานแปรรูป นครศรีธรรมราช
RL-2025-0236,2025-09-28,น้ำยางข้น,Standard,60.3,31,48.55,1505050,Yes,โรงงานผลิตถุงมือยาง,Auction Market,โรงงานแปรรูป สงขลา
RL-2025-0237,2025-03-26,STR 20,Standard,59.3,21,68.16,1431360,Yes,โรงงานแปรรูปขั้นต้น,B2B Direct,โรงงานแปรรูป นครศรีธรรมราช
RL-2025-0238,2025-01-29,RSS,Standard,60.4,11,74.11,815210,Yes,บริษัท Trading,Auction Market,โรงงานแปรรูป สุราษฎร์ธานี
RL-2025-0239,2025-07-22,STR 20,Standard,59.5,17,64.02,1088340,Yes,บริษัท Trading,Auction Market,โรงงานแปรรูป สุราษฎร์ธานี
RL-2025-0240,2025-10-05,ยางขี้ยาง/ขี้เค้ก,Off-Grade,40.7,12,37.48,449759,Yes,โรงงานแปรรูปขั้นต้น,B2B Direct,โรงงานแปรรูป สงขลา
RL-2025-0241,2025-11-25,ยางขี้ยาง/ขี้เค้ก,Off-Grade,44.2,11,35.17,386870,Yes,โรงงานแปรรูปขั้นต้น,Forward Contract,โรงงานแปรรูป สุราษฎร์ธานี
RL-2025-0242,2025-12-16,ยางขี้ยาง/ขี้เค้ก,Off-Grade,41.3,10,37.0,370000,Yes,โรงงานแปรรูปขั้นต้น,Auction Market,โรงงานแปรรูป สงขลา
RL-2025-0243,2025-04-25,น้ำยางข้น,Premium,61.9,44,53.29,2344760,Yes,โรงงานแปรรูปขั้นต้น,Auction Market,โรงงานแปรรูป นครศรีธรรมราช
RL-2025-0244,2025-04-28,STR 20,Standard,59.7,38,66.77,2537260,Yes,โรงงานผลิตยางรถยนต์,Auction Market,โรงงานแปรรูป นครศรีธรรมราช
RL-2025-0245,2025-11-11,น้ำยางข้น,Standard,58.1,36,54.19,1950840,Yes,โรงงานผลิตยางรถยนต์,Forward Contract,โรงงานแปรรูป สุราษฎร์ธานี
RL-2025-0246,2025-05-06,น้ำยางข้น,Standard,58.9,36,50.82,1829520,Yes,โรงงานผลิตยางรถยนต์,B2B Direct,โรงงานแปรรูป ระยอง
RL-2025-0247,2025-04-30,น้ำยางข้น,Standard,59.3,49,53.12,2602880,Yes,บริษัท Trading,B2B Direct,โรงงานแปรรูป ระยอง
RL-2025-0248,2025-03-15,ยางขี้ยาง/ขี้เค้ก,Off-Grade,44.1,9,34.17,307530,Yes,โรงงานผลิตถุงมือยาง,Auction Market,โรงงานแปรรูป นครศรีธรรมราช
RL-2025-0249,2025-10-12,RSS,Premium,61.4,22,77.78,1711160,Yes,บริษัท Trading,Auction Market,โรงงานแปรรูป นครศรีธรรมราช
RL-2025-0250,2025-07-29,STR 20,Premium,60.9,30,67.01,2010300,Yes,โรงงานผลิตถุงมือยาง,Forward Contract,โรงงานแปรรูป สงขลา
RL-2025-0251,2025-08-26,ยางคอมพาวนด์,Premium,62.9,9,88.44,795960,Yes,บริษัท Trading,B2B Direct,โรงงานแปรรูป ระยอง
RL-2025-0252,2025-11-28,STR 20,Standard,59.9,32,67.6,2163200,Yes,โรงงานผลิตถุงมือยาง,B2B Direct,โรงงานแปรรูป ระยอง
RL-2025-0253,2025-07-13,น้ำยางข้น,Premium,61.5,36,52.22,1879920,Yes,โรงงานผลิตถุงมือยาง,Forward Contract,โรงงานแปรรูป สงขลา
RL-2025-0254,2025-06-20,STR 20,Standard,59.5,21,71.27,1496670,No,โรงงานผลิตยางรถยนต์,Auction Market,โรงงานแปรรูป นครศรีธรรมราช
RL-2025-0255,2025-05-05,น้ำยางข้น,Standard,59.6,37,52.93,1958410,Yes,บริษัท Trading,Forward Contract,โรงงานแปรรูป นครศรีธรรมราช
RL-2025-0256,2025-10-01,RSS,Standard,60.2,25,72.47,1811750,Yes,โรงงานแปรรูปขั้นต้น,Forward Contract,โรงงานแปรรูป สงขลา
RL-2025-0257,2025-07-09,STR 20,Premium,61.2,38,64.37,2446060,Yes,บริษัท Trading,Auction Market,โรงงานแปรรูป นครศรีธรรมราช
RL-2025-0258,2025-06-01,STR 20,Standard,59.9,22,66.64,1466080,Yes,บริษัท Trading,Forward Contract,โรงงานแปรรูป นครศรีธรรมราช
RL-2025-0259,2025-11-25,น้ำยางข้น,Premium,60.9,41,51.23,2100430,Yes,โรงงานแปรรูปขั้นต้น,B2B Direct,โรงงานแปรรูป สุราษฎร์ธานี
RL-2025-0260,2025-09-26,STR 20,Premium,61.4,36,70.77,2547720,Yes,โรงงานผลิตยางรถยนต์,Forward Contract,โรงงานแปรรูป สงขลา
RL-2025-0261,2025-11-19,STR 20,Standard,59.0,31,69.66,2159460,Yes,โรงงานผลิตยางรถยนต์,Auction Market,โรงงานแปรรูป นครศรีธรรมราช
RL-2025-0262,2025-12-04,RSS,Premium,60.6,10,70.05,700500,Yes,บริษัท Trading,Auction Market,โรงงานแปรรูป ระยอง
RL-2025-0263,2025-01-09,RSS,Standard,60.4,15,75.58,1133700,Yes,โรงงานผลิตยางรถยนต์,Auction Market,โรงงานแปรรูป สงขลา
RL-2025-0264,2025-05-04,STR 20,Premium,61.0,23,68.21,1568829,Yes,โรงงานผลิตยางรถยนต์,Forward Contract,โรงงานแปรรูป นครศรีธรรมราช
RL-2025-0265,2025-08-24,RSS,Standard,60.0,12,77.92,935040,Yes,โรงงานผลิตยางรถยนต์,B2B Direct,โรงงานแปรรูป นครศรีธรรมราช
RL-2025-0266,2025-07-14,STR 20,Premium,60.6,37,67.81,2508970,Yes,โรงงานแปรรูปขั้นต้น,Forward Contract,โรงงานแปรรูป ระยอง
RL-2025-0267,2025-10-17,ยางขี้ยาง/ขี้เค้ก,Off-Grade,48.9,5,37.79,188950,Yes,โรงงานแปรรูปขั้นต้น,Forward Contract,โรงงานแปรรูป สุราษฎร์ธานี
RL-2025-0268,2025-02-08,น้ำยางข้น,Standard,60.2,51,49.96,2547960,Yes,บริษัท Trading,B2B Direct,โรงงานแปรรูป สงขลา
RL-2025-0269,2025-10-28,STR 20,Premium,61.1,17,70.57,1199690,Yes,โรงงานผลิตถุงมือยาง,Auction Market,โรงงานแปรรูป นครศรีธรรมราช
RL-2025-0270,2025-12-13,ยางคอมพาวนด์,Premium,62.3,9,84.98,764820,Yes,โรงงานผลิตยางรถยนต์,Auction Market,โรงงานแปรรูป ระยอง
RL-2025-0271,2025-01-28,STR 20,Standard,59.2,34,65.86,2239240,Yes,โรงงานแปรรูปขั้นต้น,Forward Contract,โรงงานแปรรูป สุราษฎร์ธานี
RL-2025-0272,2025-11-21,STR 20,Standard,60.2,26,71.94,1870440,Yes,โรงงานแปรรูปขั้นต้น,Forward Contract,โรงงานแปรรูป สงขลา
RL-2025-0273,2025-12-15,RSS,Premium,61.0,19,73.04,1387760,Yes,โรงงานผลิตยางรถยนต์,B2B Direct,โรงงานแปรรูป ระยอง
RL-2025-0274,2025-03-20,STR 20,Standard,59.4,27,70.27,1897290,Yes,โรงงานผลิตยางรถยนต์,B2B Direct,โรงงานแปรรูป สุราษฎร์ธานี
RL-2025-0275,2025-06-07,RSS,Standard,59.7,12,76.09,913080,Yes,โรงงานแปรรูปขั้นต้น,Auction Market,โรงงานแปรรูป นครศรีธรรมราช
RL-2025-0276,2025-02-22,STR 20,Standard,59.2,34,66.83,2272220,Yes,โรงงานแปรรูปขั้นต้น,B2B Direct,โรงงานแปรรูป ระยอง
RL-2025-0277,2025-07-31,STR 20,Premium,61.3,22,64.68,1422960,Yes,โรงงานผลิตถุงมือยาง,Auction Market,โรงงานแปรรูป นครศรีธรรมราช
RL-2025-0278,2025-03-28,STR 20,Standard,60.2,17,66.41,1128970,Yes,บริษัท Trading,Forward Contract,โรงงานแปรรูป ระยอง
RL-2025-0279,2025-09-05,น้ำยางข้น,Premium,61.8,53,50.53,2678090,Yes,โรงงานผลิตถุงมือยาง,Forward Contract,โรงงานแปรรูป สุราษฎร์ธานี
RL-2025-0280,2025-03-11,STR 20,Standard,59.8,34,71.59,2434060,Yes,บริษัท Trading,Forward Contract,โรงงานแปรรูป ระยอง
RL-2025-0281,2025-08-09,น้ำยางข้น,Premium,61.9,34,54.02,1836680,Yes,โรงงานผลิตถุงมือยาง,Forward Contract,โรงงานแปรรูป ระยอง
RL-2025-0282,2025-04-01,ยางขี้ยาง/ขี้เค้ก,Off-Grade,42.9,15,37.75,566250,Yes,โรงงานผลิตถุงมือยาง,Forward Contract,โรงงานแปรรูป นครศรีธรรมราช
RL-2025-0283,2025-05-24,น้ำยางข้น,Standard,58.5,48,50.75,2436000,Yes,โรงงานผลิตถุงมือยาง,Auction Market,โรงงานแปรรูป สุราษฎร์ธานี
RL-2025-0284,2025-08-25,ยางคอมพาวนด์,Premium,62.4,7,83.14,581980,Yes,โรงงานแปรรูปขั้นต้น,Auction Market,โรงงานแปรรูป นครศรีธรรมราช
RL-2025-0285,2025-03-13,RSS,Premium,60.8,23,71.94,1654620,Yes,โรงงานผลิตยางรถยนต์,Forward Contract,โรงงานแปรรูป นครศรีธรรมราช
RL-2025-0286,2025-10-26,RSS,Premium,61.3,23,74.05,1703150,Yes,บริษัท Trading,Auction Market,โรงงานแปรรูป สุราษฎร์ธานี
RL-2025-0287,2025-02-25,น้ำยางข้น,Standard,59.4,50,52.6,2630000,Yes,โรงงานแปรรูปขั้นต้น,Forward Contract,โรงงานแปรรูป นครศรีธรรมราช
RL-2025-0288,2025-02-24,STR 20,Standard,60.3,31,66.07,2048169,Yes,โรงงานผลิตถุงมือยาง,Forward Contract,โรงงานแปรรูป ระยอง
RL-2025-0289,2025-07-20,RSS,Premium,60.9,14,75.44,1056160,Yes,โรงงานผลิตยางรถยนต์,Forward Contract,โรงงานแปรรูป สุราษฎร์ธานี
RL-2025-0290,2025-06-01,RSS,Standard,59.7,14,77.69,1087660,Yes,บริษัท Trading,Forward Contract,โรงงานแปรรูป สงขลา
RL-2025-0291,2025-09-24,RSS,Standard,60.4,24,73.81,1771440,Yes,บริษัท Trading,B2B Direct,โรงงานแปรรูป สุราษฎร์ธานี
RL-2025-0292,2025-01-12,น้ำยางข้น,Standard,60.7,35,52.54,1838900,No,โรงงานผลิตถุงมือยาง,Auction Market,โรงงานแปรรูป สงขลา
RL-2025-0293,2025-10-10,STR 20,Premium,61.4,22,68.48,1506560,Yes,โรงงานผลิตถุงมือยาง,B2B Direct,โรงงานแปรรูป นครศรีธรรมราช
RL-2025-0294,2025-07-22,STR 20,Standard,59.5,33,68.91,2274030,Yes,โรงงานผลิตยางรถยนต์,Auction Market,โรงงานแปรรูป สงขลา
RL-2025-0295,2025-04-16,STR 20,Premium,61.0,33,69.63,2297790,Yes,โรงงานผลิตถุงมือยาง,Forward Contract,โรงงานแปรรูป ระยอง
RL-2025-0296,2025-04-11,RSS,Standard,61.2,26,72.1,1874599,No,บริษัท Trading,Auction Market,โรงงานแปรรูป นครศรีธรรมราช
RL-2025-0297,2025-11-09,STR 20,Standard,59.9,29,64.91,1882390,Yes,บริษัท Trading,Auction Market,โรงงานแปรรูป สุราษฎร์ธานี
RL-2025-0298,2025-12-11,STR 20,Standard,59.8,20,64.94,1298800,Yes,โรงงานผลิตถุงมือยาง,Auction Market,โรงงานแปรรูป นครศรีธรรมราช
RL-2025-0299,2025-08-03,RSS,Standard,60.3,25,74.6,1864999,Yes,โรงงานผลิตถุงมือยาง,Auction Market,โรงงานแปรรูป สงขลา
RL-2025-0300,2025-09-08,STR 20,Premium,61.1,34,65.5,2227000,Yes,บริษัท Trading,B2B Direct,โรงงานแปรรูป นครศรีธรรมราช
